{"ssid":"DIR-320NRU","password":"58563694","uAdcMax":0.912056,"uAdcMin":0.079114,"voltOnDegree":0.002314,"inversionDegrees":0}